org,repo,poc
reconhub,distcrete,thibautjombart
reconhub,earlyR,thibautjombart
reconhub,epicontacts,thibautjombart
reconhub,epitrix,thibautjombart
reconhub,incidence,thibautjombart
reconhub,incidence2,thibautjombart
reconhub,aweek,thibautjombart
reconhub,outbreaker2,thibautjombart
reconhub,outbreaks,thibautjombart
reconhub,projections,thibautjombart
reconhub,learn,thibautjombart
reconhub,epiflows,thibautjombart
covid19datahub,COVID19,eguidotti
mponce0,covid19.analytics,mponce0
como-ph,oxcovid19,ernestguevarra
GuangchuangYu,nCov2019,GuangchuangYu
joachim-gassen,tidycovid19,joachim-gassen
kjhealy,covdata,kjhealy
CBDRH,covoid,markhanlly